{
  "lang":"fr",
  "name":"pipeline",
  "version":"0.0.0",
  "spacy_version":">=3.8.5,<3.9.0",
  "description":"",
  "author":"",
  "email":"",
  "url":"",
  "license":"",
  "spacy_git_version":"d0c705c",
  "vectors":{
    "width":0,
    "vectors":0,
    "keys":0,
    "name":null,
    "mode":"default"
  },
  "labels":{
    "tok2vec":[

    ],
    "ner":[
      "ADRESSE",
      "CODE_NAF",
      "DATE",
      "DATE_NAISSANCE",
      "ENTREPRISE",
      "MATRICULE",
      "NOM",
      "NSS",
      "SIRET",
      "SOCIETE"
    ]
  },
  "pipeline":[
    "tok2vec",
    "ner"
  ],
  "components":[
    "tok2vec",
    "ner"
  ],
  "disabled":[

  ],
  "performance":{
    "ents_f":0.9993754703,
    "ents_p":0.9998946029,
    "ents_r":0.9988568764,
    "ents_per_type":{
      "NOM":{
        "p":0.9999028372,
        "r":0.9973832138,
        "f":0.9986414362
      },
      "DATE":{
        "p":1.0,
        "r":0.9987567137,
        "f":0.9993779702
      },
      "ADRESSE":{
        "p":1.0,
        "r":0.9986729578,
        "f":0.9993360384
      },
      "NSS":{
        "p":0.9998525654,
        "r":0.9995578265,
        "f":0.9997051742
      },
      "CODE_NAF":{
        "p":1.0,
        "r":1.0,
        "f":1.0
      },
      "MATRICULE":{
        "p":1.0,
        "r":0.9999507874,
        "f":0.9999753931
      },
      "SIRET":{
        "p":1.0,
        "r":1.0,
        "f":1.0
      },
      "ENTREPRISE":{
        "p":0.9817351598,
        "r":0.9267241379,
        "f":0.9534368071
      },
      "SOCIETE":{
        "p":0.995,
        "r":0.9900497512,
        "f":0.9925187032
      },
      "DATE_NAISSANCE":{
        "p":1.0,
        "r":1.0,
        "f":1.0
      }
    },
    "tok2vec_loss":402.3020898949,
    "ner_loss":84.6026687622
  }
}